"txid","ordertxid","pair","time","type","ordertype","price","cost","fee","vol","margin","misc","ledgers"
"TNJLBM-ZL2IR-KTTX6P","OZ5VEA-XEV4H-TT7ZWA","XXMRZEUR","2017-07-01 11:22:26.968","buy","market",37.98900000,3.88213466,0.01009355,0.10219102,0.00000000,"","LQ3J2R-76CNJ-UH3OVV,LDG7MI-IOZXK-GHPCPZ"
"TN4P5Z-ZP4OL-JW3ITV","OZ5VEA-XEV4H-TT7ZWA","XXMRZEUR","2017-07-01 11:22:26.9898","buy","market",38.28061000,665.99874042,1.73159673,17.39780898,0.00000000,"","LQ4UC7-OLCHP-XQOM6A,LTRJ3U-SH5YA-OM4BQH"
"TWLTJW-3ECVP-PLYBOL","O2JQRV-OWK6C-XAC5H3","XXMRZEUR","2017-12-05 23:40:25.6934","sell","market",209.50000000,49.65150000,0.12909390,0.23700000,0.00000000,"","LIHWKT-O5RMF-IA5AL4,L6VCGE-IEBTM-X2RBPN"
"THBUVC-L2AZR-HOQRBE","O2JQRV-OWK6C-XAC5H3","XXMRZEUR","2017-12-05 23:40:25.7033","sell","market",209.00000000,3503.46700000,9.10901420,16.76300000,0.00000000,"","L7AWSO-WY4VE-THBBR7,LIDYQU-5TOH6-QIBGN4"
"TNFEDE-I4V4H-MS3NZ7","ONJCBO-SHGBL-OJZU3G","XXMRZEUR","2017-12-06 07:45:56.4821","buy","market",229.54000000,146.01039400,0.37962702,0.63610000,0.00000000,"","LCGB4Q-MONOL-Z6BLZN,LTYS5L-4CBQ2-CPBRFB"
"TELJSD-FSX66-QB4C7R","ONJCBO-SHGBL-OJZU3G","XXMRZEUR","2017-12-06 07:45:56.492","buy","market",229.60000000,2855.32856000,7.42385426,12.43610000,0.00000000,"","L66X3L-NEP5J-U7ADXD,LORMIF-7GCII-A4SUJI"
"TW7UY2-OONG7-AONHQS","ONJCBO-SHGBL-OJZU3G","XXMRZEUR","2017-12-06 07:45:56.5017","buy","market",230.00000000,903.39400000,2.34882440,3.92780000,0.00000000,"","LWPZUB-FVINI-BHO4EU,LHOTUL-SLRHO-VDPOPK"
"TL7J4X-BZV7I-LC2X3G","OEBIXR-GW4KS-2D7RYU","XXMRZEUR","2018-02-12 21:44:23.2317","sell","market",200.60461230,3009.06918444,7.82357988,15.00000000,0.00000000,"","LS7LVD-33B5A-TDC443,L5OBF6-JHPOC-ZIXI6B"
"TI2V5J-EEPES-EWX52V","OPXV5P-IRHBO-7IUUUM","XXMRZEUR","2018-05-09 13:01:43.9382","buy","market",191.48887866,1914.88878658,4.97871085,10.00000000,0.00000000,"","L7NFCE-LGZIH-FQCRL6,L57LM3-AF3C7-3AQBEU"
"TJPBQR-AGDGT-M7SYID","OTXGJH-DSTNH-OMTFJO","XXMRZEUR","2018-05-09 13:42:44.9817","buy","market",194.40564000,194.40564000,0.50545467,1.00000000,0.00000000,"","LMDA7M-3A5RE-32UO2R,L4TTTK-CUNZL-SJYN6K"
"TVD2GK-MABVJ-NNP3AB","OUOWUK-EPDQJ-NY77TP","XXMRZEUR","2018-08-12 20:14:01.0428","buy","market",82.45000000,82.45000000,0.21437000,1.00000000,0.00000000,"","L733I4-RGUBE-P5YDO4,L45NQS-Z7N45-HVITK6"
"TEX6X4-YTQIW-RAIEB6","OVLRHU-B6CNT-N452K4","XXMRZEUR","2018-08-21 15:51:24.6015","buy","market",80.92800000,404.64000000,1.05206400,5.00000000,0.00000000,"","LKZ27C-PPUVW-CWYFSS,LOY7AN-ZOETL-ERSHLV"
"TVZYX6-VT73K-DHLJBQ","OAWCY7-AUUSP-5RYM4S","XXMRZEUR","2018-08-21 17:40:09.9486","buy","market",81.99000000,409.95000000,1.06587000,5.00000000,0.00000000,"","LBPM3G-HQZAQ-B52AX7,L66VHF-LGZ63-OXVFFT"
"TUDG6A-Q5VOQ-PIH7HQ","OI3SV6-4IW76-5UIBBE","XXMRZEUR","2018-08-21 20:10:08.6264","sell","market",81.32632000,406.63160000,1.05724216,5.00000000,0.00000000,"","LLWLCS-CH5L3-2XD2BL,LB7T2V-DUQ76-UUSRPL"
"T5NW6F-FABOH-MAENJE","OYLS2Q-JHGP2-UYYU3B","XXMRZEUR","2018-08-21 20:30:09.5265","sell","market",80.47168363,402.35841817,1.04613188,5.00000000,0.00000000,"","LUPZ2W-YC4SK-S6RIMF,LHEREK-UABZ7-UTTMI7"
"TPOI5A-NGCEX-IN5DU6","O6SCDH-XHKYU-2TLV3D","XXMRZEUR","2018-08-21 20:40:08.75","sell","market",80.03681832,400.18409160,1.04047864,5.00000000,0.00000000,"","LAKQTA-KFK4X-LI2LQ4,LV22QR-WPJAZ-KTQRM2"
"TJPNSS-O5QTQ-5HS7PD","O5ZKH5-KMCYE-XREVHC","XXMRZEUR","2018-08-21 20:50:08.2105","sell","market",80.01239438,400.06197190,1.04016113,5.00000000,0.00000000,"","L4KC4V-6NHBC-KVGPQV,LYGRHA-XZTW2-TS44D4"
"TS4G77-YMHDN-PNNDUB","OB2TSL-AHTMZ-3MGJ7P","XXMRZEUR","2018-08-21 21:01:14.4138","buy","market",80.59661018,805.96610181,2.09551187,10.00000000,0.00000000,"","LY2N5O-BNZNH-S5E6BH,LIOOI3-YRWTT-3RDVQU"
"TM3Q62-2ZU3A-HYL7BO","OXQZJN-XM24M-QRWC4Y","XXMRZEUR","2018-08-21 22:13:56.59","buy","market",82.25806000,411.29030000,1.06935478,5.00000000,0.00000000,"","LCDSHL-4AHHG-SKMAYZ,LOK7V2-BCOUY-GQRQRX"
"TTHXT6-JDFH4-CRP42K","OLZ72Y-KYW3J-73WFVN","XXMRZEUR","2018-08-22 01:10:08.2574","buy","market",84.31220938,421.56104691,1.09605872,5.00000000,0.00000000,"","LXOC23-FIN2H-DQWDWD,LEVSGC-23WCG-WRZOQX"
"TEVRKX-3GHFU-NWKIV6","O5Q4BI-F5O7Q-A4VDZX","XXMRZEUR","2018-08-22 02:50:08.7583","sell","market",83.36344000,416.81720000,1.08372472,5.00000000,0.00000000,"","LYUVQ7-X426K-U2GNCQ,L47OJY-ZZZF6-V3VCYD"
"TBTJKI-OLGAH-EY4ZR6","ORPB2S-IOPBN-A4Y3KK","XXMRZEUR","2018-08-22 05:20:07.0475","sell","market",83.50000000,417.50000000,1.08550000,5.00000000,0.00000000,"","LA6BXP-2T7L7-M7F2JA,LT42G4-O6YCM-CNNVRC"
"TAFMOI-FQIQ7-ZQQJ5R","O5UW3M-BITQT-MKERVJ","XXMRZEUR","2018-08-22 07:10:09.8653","buy","market",83.29816000,416.49080000,1.08287608,5.00000000,0.00000000,"","LMWELH-IORCI-D5JSBN,L74XJT-HX7DX-WQDOPV"
"TOQJAQ-BQRVS-IEIE7F","O4HLTF-MWMO5-HZ5KSC","XXMRZEUR","2018-08-22 10:00:06.4843","buy","market",82.06000000,410.30000000,1.06678000,5.00000000,0.00000000,"","LN44X7-UZESF-B7GSSQ,LIYIHF-ZZKVV-K3VJUG"
"TJGGBK-OYGLV-7JUDBR","OV52SS-4LNYR-FCZC5T","XXMRZEUR","2018-08-22 11:10:07.4449","buy","market",81.98800000,409.94000000,1.06584400,5.00000000,0.00000000,"","LB7GLX-CICMB-S6XC7O,L45XFT-PULHX-45KBHP"
"TZTWOX-KVKD5-5S6V5A","O54JO4-MGB3C-SQP5ON","XXMRZEUR","2018-08-22 13:30:07.8288","buy","market",81.85254743,409.26273715,1.06408311,5.00000000,0.00000000,"","L5CCE7-BKRAX-BSFWK7,LSDHCA-OJRYK-DKFFJZ"
"TW35ZO-LVMZA-GT7KIN","OEGHC5-JFKHI-G3EIP2","XXMRZEUR","2018-08-22 16:40:08.1901","sell","market",78.63000000,393.15000000,1.02219000,5.00000000,0.00000000,"","LDSCFW-BPJXG-53GN45,LEKZ6W-RYHNS-PQA3TJ"
"TVBVOM-VDIAC-3Y3PCE","OAJ4JA-GYWOJ-MUZ3S3","XXMRZEUR","2018-08-23 22:45:07.3021","buy","market",78.16642000,390.83210000,1.01616346,5.00000000,0.00000000,"","LLK22H-4HYNE-P55AOB,LBI3JY-WG6IX-F7WOD2"
"TC4W6J-VNRAD-LJB4FD","ON3WN5-O3NDB-2CV2ZT","XXMRZEUR","2018-08-24 20:45:07.8564","sell","market",79.91246269,399.56231344,1.03886202,5.00000000,0.00000000,"","L66TTQ-M6IU3-U5BFYF,LJ2JL7-U4VJQ-CO4XNZ"
"TBKAVB-XDN67-5IXRB7","O7PTBR-S5WHQ-S6YU23","XXMRZEUR","2018-08-25 03:45:07.2755","sell","market",82.37666061,411.88330306,1.07089659,5.00000000,0.00000000,"","LNHGZA-FWMQ4-COGAEX,LF3WSN-6VNUG-N6JK5S"
"TDTB4S-UCBIA-SKNQ4K","OMHSCX-RV7G7-OO4QHM","XXMRZEUR","2018-08-25 10:50:07.2703","buy","market",79.99000000,399.95000000,1.03987000,5.00000000,0.00000000,"","LILG3V-HZ4DL-6B37SF,LPBXBU-NJZN2-G63D5C"
"TJEYXK-YJYTW-H6BWYP","O4J6EI-D4WK4-IJ5F2P","XXMRZEUR","2018-08-27 05:35:07.0363","buy","market",83.15125840,415.75629200,1.08096635,5.00000000,0.00000000,"","L5QU3L-OZOKU-4OTWKL,L67VFB-7VVKQ-NGNX27"
"TIWPX3-GFGWP-4UBCYV","OQYG2N-5XDYZ-3EE2HF","XXMRZEUR","2018-08-27 18:15:08.7523","sell","market",83.15592000,415.77960000,1.08102696,5.00000000,0.00000000,"","LBYI5T-OA7RM-AJ7LLD,LQD2AY-TZ2FJ-JD3PVA"
"TPY7RW-PIT56-AIY5PN","OE72CR-BA5WQ-I5AALO","XXMRZEUR","2018-08-27 23:10:07.3419","sell","market",87.07600000,435.38000000,1.13198800,5.00000000,0.00000000,"","LTDBB4-RJ4NO-IXXYBS,LYTMI5-B7N6H-E4WU25"
"TRZQU5-FHXGL-S2MT3B","ORB3GD-NSZSU-HF4B4H","XXMRZEUR","2018-08-28 02:15:08.7529","sell","market",88.42000000,442.10000000,1.14946000,5.00000000,0.00000000,"","LL22VA-VHOXO-6GFQO6,LBJJCY-N7DZA-4UPH3Q"
"TOQ6QU-DXAOW-XLDAY7","O6YN4O-D7BFW-ZFOYMQ","XXMRZEUR","2018-08-28 15:30:07.3015","sell","market",87.48960000,437.44800000,1.13736480,5.00000000,0.00000000,"","LMEC6N-ME3G6-2XO3HV,L3TEZY-XOJH6-QBHV2O"
"TGNMTD-DQDWS-WRN44R","OTDILX-OD4S3-233YZL","XXMRZEUR","2018-08-28 18:15:07.1401","buy","market",88.49699700,442.48498500,1.15046096,5.00000000,0.00000000,"","LGW2TU-CJZ34-YT73CR,LN633V-YBBJE-D5XGUY"
"TSF6P5-6BD3Y-BC6FMO","O244PS-TAREP-QHLWRF","XXMRZEUR","2018-08-28 21:55:08.0541","sell","market",91.24975715,456.24878573,1.18624684,5.00000000,0.00000000,"","LVJ3BC-6L6LR-PMAJJ5,LX37IM-SW7GD-QM7DVA"
"TC4A4E-KI3MZ-2UCJXD","OMQL5N-BFPHT-NYZ37X","XXMRZEUR","2018-08-29 01:55:06.8858","sell","market",92.43800000,462.19000000,1.20169400,5.00000000,0.00000000,"","LSDSFK-CQM3L-QJ4CQI,LLUQUI-SI3VD-4YKIQL"
"TGIOVQ-HJDLV-F2XB5Q","OY36EA-FC6F5-SEGUJR","XXMRZEUR","2018-08-29 05:35:07.1208","buy","market",91.21000000,456.05000000,1.18573000,5.00000000,0.00000000,"","LYKNDN-TW2Z2-2CXI2R,LBMLTO-T32WG-6UWZT6"
"TJNMJT-JNQ27-F7OOOV","OHDQQA-5O47U-4CCW2J","XXMRZEUR","2018-08-29 13:15:09.0165","buy","market",90.13010000,450.65050000,1.17169130,5.00000000,0.00000000,"","LUFFBI-LL5LM-B7IMCX,LUOILD-5AWTI-LQKR6V"
"TPUR62-XEA2D-LQBZVV","OETBWS-KZBOK-KVQJ3I","XXMRZEUR","2018-08-29 18:10:07.413","buy","market",87.63160180,438.15800899,1.13921082,5.00000000,0.00000000,"","LPJZRB-XMY4P-IKIXSN,LZLRJT-W2IEI-DUITOV"
"TPJLLG-SQWVT-VYQXSA","OPIUCU-QPRKV-3Q5Z2E","XXMRZEUR","2018-08-30 07:50:09.8641","buy","market",86.37000000,431.85000000,1.12281000,5.00000000,0.00000000,"","LFXF2L-3OLRD-Q7ZXZ4,L2EEVK-DKOQT-2JIZ4R"
"TOLJYB-CXNJ5-ARECOQ","OWB453-5XBDW-OKU7AF","XXMRZEUR","2018-08-31 08:10:08.558","sell","market",92.34000000,461.70000000,1.20042000,5.00000000,0.00000000,"","LKB5RX-V33MP-L2III5,LN4XHT-RYZ25-FWVPET"
"TB6BA7-XURYP-BWSKXO","OZLMTZ-MM46C-RUPZQZ","XXMRZEUR","2018-08-31 11:55:07.6252","sell","market",92.82000000,464.10000000,1.20666000,5.00000000,0.00000000,"","LY6KCA-GZPEX-PRONAD,LJZ4FC-BVESR-VDAA7Q"
"TSK7E3-2QPOR-X6D2CZ","OEYZKO-UIA5X-AEYFWQ","XXMRZEUR","2018-09-01 08:20:07.7229","buy","market",103.31250000,516.56250000,1.34306250,5.00000000,0.00000000,"","L3M6ZF-REGTV-FNPCWF,L22L34-Z2UTJ-G2I4DG"
"TVRSO6-5COTY-5FJ5MM","OBFPJL-EFOU6-MW5XBM","XXMRZEUR","2018-09-01 12:15:07.3256","sell","market",103.00594000,515.02970000,1.33907722,5.00000000,0.00000000,"","LFPA6U-RGN2R-RMCSJ5,LCPKUO-BG62B-WJ5YBP"
"TMLCAE-C247S-C3EVJ6","OF4IEB-O56WB-PMATFI","XXMRZEUR","2018-09-01 14:50:06.9234","buy","market",103.73300000,518.66500000,1.34852900,5.00000000,0.00000000,"","LIIKQE-HDJMH-GYMYHF,L6MSB2-3PPZ4-44NFUM"
"TIWBIE-EJJDO-2FMM26","OTWNI4-PR72P-UUF4VT","XXMRZEUR","2018-09-01 17:25:07.7088","sell","market",104.55000000,522.75000000,1.35915000,5.00000000,0.00000000,"","LJTV5J-HFH6F-KEPOZG,L4QLDE-D5ZGQ-CBGNED"
"TACB2M-XOTDY-ZBFL55","OOIY5Z-RTD5N-7JEPWW","XXMRZEUR","2018-09-03 00:55:09.8114","sell","market",103.55240000,517.76200000,1.34618120,5.00000000,0.00000000,"","L6JXMI-BLSBE-ZTNQ3S,LEPORX-YMXGM-I6HLBV"
"T42477-23MCT-5UQHDD","O34SL6-247Y3-GEGWZ5","XXMRZEUR","2018-09-03 08:55:24.5304","sell","market",104.77000000,523.85000000,1.36201000,5.00000000,0.00000000,"","LM76CQ-MQ3FI-FDU7EO,L3WBP6-27MP6-K472HR"
"TEMXGF-XAP6S-FAJ5LR","OKTK4Q-DURBQ-KMDPIA","XXMRZEUR","2018-09-03 16:45:18.1894","sell","market",111.98816000,559.94080000,1.45584608,5.00000000,0.00000000,"","LZMYIG-5AX5F-SRMVWQ,LK3SLP-JEJFK-YNENTK"
"TGJJ7N-Z7VA6-SV22KA","OBICH5-PNAUL-HAYKST","XXMRZEUR","2018-09-04 01:35:07.5894","buy","market",120.38760000,601.93800000,1.56503880,5.00000000,0.00000000,"","LHC55G-ZJESM-NEPU2F,L73NXJ-FIBBY-IEBQLS"
"THLUBF-P7MLV-YHTDYS","OFCJRQ-AMCAR-RYHJL7","XXMRZEUR","2018-09-04 07:55:23.9484","buy","market",117.66184000,588.30920000,1.52960392,5.00000000,0.00000000,"","LIKMVP-2KQDD-GVIUU7,LWFXHK-JU3AS-LVBK2X"
"TRNP3S-HTNRG-AFSPYB","OCWHU6-NU57V-LAZWO3","XXMRZEUR","2018-09-04 18:10:33.0633","buy","market",120.00000000,600.00000000,1.56000000,5.00000000,0.00000000,"","LW35LM-7RTJK-MG252F,LRMYPV-IF4IE-PQQBQF"
"TELNE3-7Z5UR-HEMVOQ","OOSNO5-AC63Q-XXNRJF","XXMRZEUR","2018-09-04 22:35:08.36","buy","market",118.37471200,591.87356000,1.53887125,5.00000000,0.00000000,"","LL5J3W-JHWZS-IVI5A7,LPUUBC-24FLG-ZHNVV2"
"TNGV3P-7L47I-YVXJEE","O4NZZU-GQ4EH-4YYPAO","XXMRZEUR","2018-09-05 04:55:06.3453","sell","market",118.00192000,590.00960000,1.53402496,5.00000000,0.00000000,"","LNOHWC-5JQMV-Z3HYS7,LT252T-577PX-EQG3F4"
"T4NXGP-RDX4F-SQAPNP","O7HLWW-RAZHC-WYYEPH","XXMRZEUR","2018-09-05 13:20:09.404","buy","market",107.20024000,536.00120000,1.39360312,5.00000000,0.00000000,"","LFOPZ5-RW44V-WAEAZI,LMWDKD-OVAUC-ETALWK"
"TUSDVP-IZZLL-ZTYEJP","OPY4SJ-F3JJZ-65IUPM","XXMRZEUR","2018-09-05 19:00:09.0428","buy","market",102.21408000,511.07040000,1.32878304,5.00000000,0.00000000,"","LUEZVK-ATSX7-M7LBEQ,L3IWUS-ZOOMG-EQXCR3"
"THN24E-ISR66-3WJ5YA","O3IAFU-4SPHC-QITL3X","XXMRZEUR","2018-09-07 08:50:32.4223","sell","market",97.99160548,489.95802740,1.27389087,5.00000000,0.00000000,"","LLCYSA-LJIPE-SN6L43,LWFQE4-Z34JH-3AZGOH"
"TCUIJE-SEXTS-GMRY62","OTNGM4-5OOYH-FUBINK","XXMRZEUR","2018-09-07 12:40:31.4793","buy","market",97.91000000,489.55000000,1.27283000,5.00000000,0.00000000,"","LVDGXW-ED3IX-3U3BDZ,LSNL5X-2UFKV-3IGJPB"
"TP2PDI-QUB3M-ILWTZN","O2Q4JP-P5EE2-A7QXPH","XXMRZEUR","2018-09-07 15:15:30.9411","sell","market",96.46000000,482.30000000,1.25398000,5.00000000,0.00000000,"","LDP4WE-KUEBC-5YVJGY,LXOA2A-HUN4D-UEQPB3"
"T2CAVW-CC7OE-RK4G5V","OEMFWZ-N7WOG-EXAW7J","XXMRZEUR","2018-09-08 21:10:07.7026","buy","market",88.65000000,443.25000000,1.15245000,5.00000000,0.00000000,"","L67R4I-OASV5-KWLPU6,LT4OPN-SC2J4-UNLH54"
"T3YZ5Z-LXJX7-IPMSS3","O4FKVV-DX7ZS-4EYJOD","XXMRZEUR","2018-09-09 05:15:07.0101","buy","market",88.60861200,443.04306000,1.15191196,5.00000000,0.00000000,"","LYHRNF-L5LMK-BXXUO3,LDF4RI-S5MJQ-FZ64RD"
"T7VD3V-GWJNN-IOPVZI","OQ2SU6-CLZ3J-WHL5ZY","XXMRZEUR","2018-09-09 08:50:07.1583","sell","market",89.48112514,447.40562570,1.16325463,5.00000000,0.00000000,"","LS5WB6-L7A2P-5XTDL4,L4OLDH-W36OF-OV35VK"
"TXWRVH-U2LLY-PJSHEJ","O7H3D4-RJ7NA-XPGQHX","XXMRZEUR","2018-09-09 12:05:08.3048","sell","market",91.13000000,182.26000000,0.47387600,2.00000000,0.00000000,"","LAWTLA-LAXI2-3EKCXO,L3JMWF-M6V2C-O7XN3M"
"T6WN35-IO2Z7-R3XVPD","OHPCDC-24DKA-OPNHIZ","XXMRZEUR","2018-09-09 21:55:06.3971","sell","market",95.06000000,475.30000000,1.23578000,5.00000000,0.00000000,"","LZSVFB-EZHZ2-2WNUKU,LR77OF-D6W75-FWQDG4"
"T7XPAX-PFAA4-NY46SJ","OKFWDO-PQZY2-MN7QCQ","XXMRZEUR","2018-09-09 23:55:06.4166","buy","market",91.32000000,456.60000000,1.18716000,5.00000000,0.00000000,"","LBNK7Z-TQDFY-SSKINI,LOQUZT-BLHC3-LF6FC2"
"TR6PKS-7O7GV-AAUYOE","OM2R33-L6KEL-5HOZJ4","XXMRZEUR","2018-09-10 03:30:08.2043","sell","market",93.17000000,465.85000000,1.21121000,5.00000000,0.00000000,"","LJZAIX-ATTNV-BHI5XW,L5SPSC-TEQJ4-5KGVOX"
"T26I55-FBJBL-HPVYDX","OET7LB-HYLV4-IWIRS2","XXMRZEUR","2018-09-10 19:05:08.3392","buy","market",89.73000000,448.65000000,1.16649000,5.00000000,0.00000000,"","L35XGN-VCJOB-HVCDDJ,L45N7W-2JBNJ-LSORZZ"
"T3QOFK-ZLK4Q-ICBNKC","O5CFGN-UVA6F-E23ZXQ","XXMRZEUR","2018-09-11 07:05:08.3411","buy","market",92.43642000,462.18210000,1.20167346,5.00000000,0.00000000,"","LXLVB2-GWCRD-YJK67O,LWX5HC-OLBAD-L7T7KB"
"TWWZOH-BHSZF-UU2YSE","OVXTDH-VQ3T5-ISDWZJ","XXMRZEUR","2018-09-11 11:05:08.3054","sell","market",92.77000000,927.70000000,2.41202000,10.00000000,0.00000000,"","LHAZAY-7RHP2-7CXWZ6,LYZU7V-DVMDI-O3PFUL"
"T2GPND-GYOBM-3M4L5T","ODLCNJ-77SPT-6GAWPR","XXMRZEUR","2018-09-11 13:05:07.2946","buy","market",92.08000000,460.40000000,1.19704000,5.00000000,0.00000000,"","LNUGUK-M5YMP-BVWVLQ,LHB6TZ-U5OVI-RC3QMV"
"TBW3MN-SHRPF-CIGZ6D","OYMPSQ-CCU6M-445GJO","XXMRZEUR","2018-09-11 16:40:08.2083","buy","market",89.36000000,446.80000000,1.16168000,5.00000000,0.00000000,"","LXON5U-BB2NM-PG6TEW,LLQ4GG-GWVLL-NNKMEX"
"TMJLBZ-ZEAGU-L3NAWS","O2LISG-MT5TB-KP4EVH","XXMRZEUR","2018-09-11 21:10:13.1777","sell","market",88.67548637,443.37743185,1.15278132,5.00000000,0.00000000,"","LTSZHP-5D4NZ-DEU2ML,L3M5YA-VXT5V-EJZCHR"
"TNVU7L-72QUT-Y2K65J","OJMRLH-UCD6U-UPE7QS","XXMRZEUR","2018-09-12 00:00:08.1369","sell","market",90.43000000,452.15000000,1.17559000,5.00000000,0.00000000,"","LKU4PZ-VAMH2-ZAPRMR,LOT5ZJ-CF4H6-OUMIDG"
"T2JQGK-P7LQN-MIHMMR","O7CTLF-GL3I5-DE6DHW","XXMRZEUR","2018-09-12 04:40:07.1475","buy","market",87.82462585,439.12312927,1.14172014,5.00000000,0.00000000,"","LGK5NI-SB4PG-7YK7ZV,LOEFM4-AXNT2-DRI2RH"
"TLESTT-DDNLY-WY5FTK","O7X2HM-GDGMS-6R6Y25","XXMRZEUR","2018-09-12 09:25:07.3649","buy","market",85.25000000,426.25000000,1.10825000,5.00000000,0.00000000,"","LAGYYJ-YXUXK-Q53UOH,LJ6PAK-ZXWCZ-RUGVGU"
"TPHZR7-MGZBL-FVOV46","O3E7EV-MZNQB-AFAZ6F","XXMRZEUR","2018-09-12 20:20:08.737","sell","market",86.98000000,434.90000000,1.13074000,5.00000000,0.00000000,"","LL53PN-UQEPK-G6H57Z,LLK4EH-L7GA5-VIHDCF"
"TLLBCS-OFH7D-3T4ETM","O7OQ53-JNV45-QQ3LXA","XXMRZEUR","2018-09-12 23:30:07.2972","sell","market",89.27000000,446.35000000,1.16050999,5.00000000,0.00000000,"","LLFJP3-3DVRU-KX7YJU,LDHJD6-AYIG2-7WQK2U"
"TYNODR-OMB44-UBQRI4","OJSMV4-PSA2B-DMAD6E","XXMRZEUR","2018-09-13 02:05:08.8932","sell","market",90.86000000,454.30000000,1.18118000,5.00000000,0.00000000,"","LVRBXZ-V4BBX-ZARA5V,LHCBSY-QX64U-NKIOOX"
"TKJ6BC-ZCDEV-U3ZZU5","OJF6OZ-5X4DN-RBXKNI","XXMRZEUR","2018-09-13 11:10:07.793","sell","market",95.87796130,479.38980652,1.24641350,5.00000000,0.00000000,"","L62XVK-S3QYY-WDP75O,LT5Z23-4Y7YF-XFUUZ5"
"TPLEWM-L3CS5-EG5FJW","OXYGP5-BJW5L-QRC5FI","XXMRZEUR","2018-09-14 00:20:07.3182","sell","market",95.85861901,479.29309506,1.24616205,5.00000000,0.00000000,"","LYPUP2-2HYIS-UQSQ3C,LY46UK-TMOIU-LGUNBH"
"T7UOLN-LES6Q-NI6EHX","OXB72H-K6C4H-PHZOFN","XXMRZEUR","2018-09-14 04:10:07.8101","sell","market",98.43000000,492.15000000,1.27959000,5.00000000,0.00000000,"","LC7OQ6-FI72M-BYHLZH,LIAVV2-LQP6W-B7NRN6"
"THPTKY-OAX2A-E5NRAF","OEABHB-4N5UE-IGIBUV","XXMRZEUR","2018-09-14 10:35:11.6308","buy","market",95.85000000,479.25000000,1.24605000,5.00000000,0.00000000,"","LPBEYQ-AUVHW-PQFTIG,L43OVU-6CKKF-HD77II"
"TO5TTN-U3C7Q-VFUBXV","O3JRRE-HGJ6M-JJYJDQ","XXMRZEUR","2018-09-14 17:55:07.1798","sell","market",97.17154000,485.85770000,1.26323002,5.00000000,0.00000000,"","LN6IMU-VE6AR-WUCTT6,L32VYX-UCUP2-5KZUZF"
"TTIHKX-LDPCB-MNWIJT","OR7SLJ-SB7VA-E56SUW","XXMRZEUR","2018-09-15 07:50:06.9481","buy","market",103.31656000,516.58280000,1.34311528,5.00000000,0.00000000,"","LSQZIJ-FVRM4-PALR7R,L47MJG-5CLVS-HGXK5K"
"TG2KO6-HOPF4-N6YJ7U","OW2QSG-FFWFU-PNIZHA","XXMRZEUR","2018-09-15 10:00:07.4464","sell","market",104.55000000,522.75000000,1.35915000,5.00000000,0.00000000,"","LNSYV6-MTN74-MRQLOT,LJHCK7-UR4CV-IPULMR"
"T34AFL-JFD3T-QJ6RB4","OYO65J-A5TXW-DWQTT4","XXMRZEUR","2018-09-15 16:24:49.4909","buy","market",103.05840000,515.29200000,1.33975920,5.00000000,0.00000000,"","LVOJOF-EFQBM-2IGE44,LAJCYC-LBUZL-5ZTE5H"
"TDE2KV-GNCFP-EPGXXZ","OY22NQ-7GY6T-ZHRCD6","XXMRZEUR","2018-09-19 05:45:06.1613","buy","market",95.60000000,478.00000000,1.24280000,5.00000000,0.00000000,"","L4ETNV-GM7BN-SIQ47Z,LTME5H-MUIVI-N2L5MI"
"TWHWN2-I4CQR-5IHTSD","OPMIOW-3VWWS-NRVQ6H","XXMRZEUR","2018-09-19 10:50:07.0336","buy","market",93.10000000,465.50000000,1.21030000,5.00000000,0.00000000,"","L2REZA-UPZV6-LH7ZBI,LTORJO-Z5G7X-KQRRGK"
"TLOCHB-Z4CWP-EBKWW6","O5USHU-VJ723-FTYX6J","XXMRZEUR","2018-09-19 13:25:06.1602","buy","market",92.43000000,462.15000000,1.20159000,5.00000000,0.00000000,"","LDNPOL-UQ46N-73JI3A,L6MOSH-RPY4K-XW4NAG"
"TBE3RG-4NCG4-R343M5","OPTWJM-YK2U7-A4I4JB","XXMRZEUR","2018-09-19 16:15:07.2761","sell","market",93.32184000,466.60920000,1.21318392,5.00000000,0.00000000,"","L5CJYL-BT2ZX-CYETHV,LVJD4T-PT5FL-VLYRLM"
"TO6W6V-HGATA-HSKBGM","O4XKVG-SONAH-TYA5LH","XXMRZEUR","2018-09-19 18:10:05.9139","buy","market",93.10000000,465.50000000,1.21030000,5.00000000,0.00000000,"","LXD4Y5-CDRKJ-IVVAB2,LVEL2B-TYEBC-6OLL56"
"TB52IP-5PMVM-YHNBR3","O347S3-AJM6F-U4VQUX","XXMRZEUR","2018-09-19 21:20:12.217","sell","market",95.21148000,476.05740000,1.23774924,5.00000000,0.00000000,"","LIC52D-OEYW3-QAIXMY,LDJ625-XLI7P-5JNFCI"
"TJOKBU-YBFPC-X3PNAD","OAGFLA-YSXJL-KUEJJB","XXMRZEUR","2018-09-19 23:50:06.7264","buy","market",94.01000000,470.05000000,1.22213000,5.00000000,0.00000000,"","LRGR44-33DS3-OXXN5V,LDFBLS-YODNZ-5LEWV4"
"TDJTRW-5M2KN-7RIXHF","ODIVKJ-3OPFK-IM6SDF","XXMRZEUR","2018-09-20 02:10:05.9806","sell","market",95.39000000,476.95000000,1.24007000,5.00000000,0.00000000,"","LQ5IPR-XLZNG-QRF23E,LAUSCS-O3R5U-EJ2P7W"
"TQU3GF-PJEL5-36GGN7","O67AXO-BBC2I-DFGU5U","XXMRZEUR","2018-09-20 13:10:11.1129","sell","market",95.22390000,476.11950000,1.23791070,5.00000000,0.00000000,"","LSLETW-3TQMT-GE7FRQ,L5CAZX-RO7MW-Z2I5YN"
"TL2JVA-QUI3N-ZDUJUJ","OERSL2-3JZPC-4C6RSX","XXMRZEUR","2018-09-20 18:00:07.0763","sell","market",95.62000000,478.10000000,1.24306000,5.00000000,0.00000000,"","LJOWUX-MJ4IP-LYA6K2,LEJHAL-URJLN-64T5OU"
"TPYJUF-TJ6VK-R6A6KN","OBWHQ2-D6Y2C-RJHR2J","XXMRZEUR","2018-09-20 22:05:06.9871","buy","market",96.61000000,483.05000000,1.25593000,5.00000000,0.00000000,"","LEY7ME-3HPDW-HH6OMR,LXICQK-4ZQAD-LXDTJD"
"TIQ643-DGV2V-QQRO7P","OV6DJU-Q2PMB-BKS2QP","XXMRZEUR","2018-09-21 00:55:06.6931","sell","market",98.33194000,491.65970000,1.27831522,5.00000000,0.00000000,"","LL5KBJ-5FB2D-SNBPX5,L7U33U-FCB7A-CKRKJT"
"TVAACX-MLS6O-MCRYOB","OBTUZ6-7OKFP-Q6HXF6","XXMRZEUR","2018-09-21 04:30:06.4315","sell","market",99.49760000,497.48800000,1.29346880,5.00000000,0.00000000,"","LULTE7-QLSZM-GBN6YY,LL4MYV-EWAO4-NIDDG5"
"TSCEZB-HZJOP-OMYH7F","OIDDFB-WX37U-5HWCEC","XXMRZEUR","2018-09-21 10:45:05.2682","buy","market",102.10848000,510.54240000,1.32741024,5.00000000,0.00000000,"","LQMQTX-H5WT5-5C6WW7,LFE3EP-V7D36-CWWL25"
"T75JGE-4R365-NUVHVT","OMEZ7Z-45UR6-5IV7OE","XXMRZEUR","2018-09-21 12:30:06.9927","sell","market",102.50196000,512.50980000,1.33252548,5.00000000,0.00000000,"","LHKC74-J3E5C-U3UK53,LQOA6P-EEW5H-6FLK45"
"TJCQZL-A3MQB-3ZNPOX","OERRBI-QBTN2-LP6A6J","XXMRZEUR","2018-09-21 17:10:06.8197","buy","market",101.73000000,508.65000000,1.32249000,5.00000000,0.00000000,"","LQFJVP-WZKZC-MNT7HX,LNLVC3-WOG55-OMSECJ"
"TJZBXF-J7IHW-UCGKY5","OBK3CB-CTM3R-MBC5SS","XXMRZEUR","2018-09-21 21:10:11.3284","sell","market",104.27682212,521.38411061,1.35559868,5.00000000,0.00000000,"","LCKACY-SVNIO-K6Y5Y5,LUFFDI-PU3QT-GU2Y77"
"TTBFIE-B2ZRE-CDBVGN","OX4FLI-BOXWQ-S4WRPV","XXMRZEUR","2018-09-22 03:45:10.8707","buy","market",105.21000000,526.05000000,1.36773000,5.00000000,0.00000000,"","LZIPVW-NV4BI-WXDFC6,LNVHSM-PQTI2-AEAB73"
"TJECT3-EXBPY-LYVNP4","OW7XAC-GM6GT-C4AR7W","XXMRZEUR","2018-09-22 10:10:07.2053","buy","market",102.65056540,513.25282701,1.33445735,5.00000000,0.00000000,"","LWR6RZ-VZHE4-6UEW24,LOEW27-DSRKC-2EGIX3"
"TP7Q6G-PW7RJ-IL4EIO","OWH6MH-S6EFJ-BZKPK5","XXMRZEUR","2018-09-22 12:20:06.8301","sell","market",102.51309157,512.56545784,1.33267019,5.00000000,0.00000000,"","LFYHHH-AQAZY-QG3CLX,L5B4GW-5STA4-AGDMTN"
"TL4QKE-JT6IM-M27IHF","OHTQBQ-LCWAP-VQEK4H","XXMRZEUR","2018-09-22 18:05:06.2049","sell","market",103.45000000,517.25000000,1.34485000,5.00000000,0.00000000,"","LAUTUK-JWXJG-GDB6PQ,LBA5FF-YU6EW-UG5AUC"
"T2K2KF-BJATR-BXNDDD","O37TTE-YISKO-NIBNRE","XXMRZEUR","2018-09-22 21:15:06.7728","buy","market",104.23000000,521.15000000,1.35499000,5.00000000,0.00000000,"","L7REOY-LLQMW-RER44Q,LXHEH7-O6TW6-POVHPE"
"TDLJXW-FJL7W-RT7T3W","OTFXH4-5VZXB-3JMMXR","XXMRZEUR","2018-09-23 07:25:07.12","sell","market",107.35735695,536.78678477,1.39564564,5.00000000,0.00000000,"","LPPGB2-DYPWN-54HD3O,LNBIZN-D7QPH-T73NQR"
"TDZUTP-ZJEYH-RITGOV","OAKSZU-H5IKK-SJCLG6","XXMRZEUR","2018-09-23 14:10:11.4413","buy","market",106.60000000,533.00000000,1.38580000,5.00000000,0.00000000,"","LXVW3I-SPHM3-JNPRUG,LUOHDA-GWXXF-XHIPMX"
"T4N2BP-C63AH-7R2RF2","OVPZHP-WBUG5-FLUGH4","XXMRZEUR","2018-09-23 18:25:07.475","buy","market",102.52000000,512.60000000,1.33276000,5.00000000,0.00000000,"","L7OGQN-UFNJE-5F7F5G,LMYPGK-4TKL7-ECWRSX"
"TOGHCE-OW3FS-46JDNY","OOAUQQ-M3KYI-W7DFB6","XXMRZEUR","2018-09-23 21:55:06.7829","buy","market",103.20377423,516.01887117,1.34164906,5.00000000,0.00000000,"","L3CPZH-UM23B-F4W67F,LRPU2B-HHCT7-VOCXHZ"
"TBXXEJ-V5AC2-OAOAXD","OSAK32-63W2D-GNOGN2","XXMRZEUR","2018-09-24 00:20:06.7411","sell","market",103.31000000,516.55000000,1.23972000,5.00000000,0.00000000,"","LMQH4H-THNOF-HMGQMN,LMBKZ4-S4NB3-ME4HV5"
"TH5PH6-63HXG-VNH3WC","O6HHME-CLV2O-WMA7FV","XXMRZEUR","2018-09-24 03:10:09.1436","sell","market",104.19356000,520.96780000,1.25032272,5.00000000,0.00000000,"","L5RRCE-NPWP4-OVAT7B,LVSVDB-5ZJMJ-WQQSXN"
"T3NFRA-WTQHE-W36DXX","OSOI6A-TFOFV-E22EBK","XXMRZEUR","2018-09-24 08:05:06.8394","buy","market",101.93000000,509.65000000,1.22316000,5.00000000,0.00000000,"","LT3JBA-LJIWW-7Z2ZMU,L6VNWZ-HKL3D-B5M4EB"
"TDAQDJ-X4BH4-ZFDSS6","OZO6A2-46B6D-4GESQG","XXMRZEUR","2018-09-24 10:45:06.351","buy","market",99.64000000,498.20000000,1.19568000,5.00000000,0.00000000,"","LK6JUU-ELW7X-TAS2M5,LUEIYK-QPC5L-O6XKAD"
"TO6OBR-YWIAL-OXBKJW","ONFL44-STPGS-OC6IWS","XXMRZEUR","2018-09-24 14:40:06.5293","sell","market",99.73378000,498.66890000,1.19680536,5.00000000,0.00000000,"","LGYVXJ-XP3IA-7SNYY3,L3RLO3-YPRCI-D3K2RW"
"T5WKZY-ZK6GO-MXXOZE","OU6YLB-NRVNZ-IUJ372","XXMRZEUR","2018-09-24 18:10:08.8304","sell","market",101.50340000,507.51700000,1.21804080,5.00000000,0.00000000,"","L2QOWI-EB727-GT2YSX,L3UNSZ-V75DN-CMRTAD"
"TZDRMC-2WPCS-SHTWJP","OCECP7-HJMEB-RXXTZB","XXMRZEUR","2018-09-24 20:25:07.079","buy","market",100.67000000,503.35000000,1.20804000,5.00000000,0.00000000,"","L6P7AX-TLOV6-EYI744,LSNVVZ-UT3QV-ZBA5MQ"
"TPC7YC-66I52-HG3OTS","O7KKD4-HQA6D-74JAUY","XXMRZEUR","2018-09-25 00:35:07.0372","buy","market",97.01000000,485.05000000,1.16412000,5.00000000,0.00000000,"","LF23T3-YFM4I-BPUTIN,LGVFHE-DLWDH-AKZYCC"
"TRZCQS-YSI5A-DMC66F","OZRXT3-3DVKR-G6FNCC","XXMRZEUR","2018-09-25 02:30:06.685","buy","market",95.97800000,479.89000000,1.15173600,5.00000000,0.00000000,"","LI2HZ6-WDTCK-C4KTWW,LQ332K-RUGDB-F5HBGT"
"TIEAYY-E7KHW-UVRHY4","O3UTHQ-O6NHI-2HX7GP","XXMRZEUR","2018-09-25 05:25:05.9978","sell","market",97.13632000,485.68160000,1.16563584,5.00000000,0.00000000,"","LGSMUN-NBWBY-YX24MX,LSG2AJ-WDQ7J-PREDDM"
"TMJGOJ-J2SEY-XPOKJE","O73MIX-L6Z37-2UIGCD","XXMRZEUR","2018-09-25 09:00:07.0084","buy","market",95.91800000,479.59000000,1.15101600,5.00000000,0.00000000,"","LHOA23-B52BQ-MDDO7E,LS3IZK-DRRHI-G3ASHV"
"TATNHL-TITZI-USC667","OTHTHK-73ZIK-RH7U2R","XXMRZEUR","2018-09-25 14:10:07.3153","sell","market",96.23000000,481.15000000,1.15476000,5.00000000,0.00000000,"","L6RVDI-RH3PY-W6WTGB,LSAJOJ-7E5NM-ZUCGWM"
"TTVL3G-LTVQ5-3IUJRS","O7OSNZ-YK2GV-KXM6KD","XXMRZEUR","2018-09-25 18:00:09.0381","sell","market",96.00327600,480.01638000,1.15203931,5.00000000,0.00000000,"","LQQSXN-PUIZM-TL53NW,LJDTVJ-VIOZW-G65PI7"
"T2SNY2-IHYDY-HQZA4G","OOC7JV-5LHTZ-4TVG6O","XXMRZEUR","2018-09-25 19:40:06.9576","buy","market",96.24000000,481.20000000,1.15488000,5.00000000,0.00000000,"","LG6TRM-MA5UW-PYHD4X,LVNMEK-N6KIM-MSGV7V"
"TAGMRQ-MXZGA-NBNBQF","OW6QG4-6UIHW-75Z26M","XXMRZEUR","2018-09-25 21:50:06.9567","sell","market",97.08175000,485.40875000,1.16498100,5.00000000,0.00000000,"","LOBSRE-K5B47-ZHZRC4,L2DNRN-DWZMK-E27IFE"
"TFAF63-GSSLI-3DKIH7","OLQ77E-NCSS5-IOS5QJ","XXMRZEUR","2018-09-26 01:15:06.0565","sell","market",97.75000000,488.75000000,1.17300000,5.00000000,0.00000000,"","LWZJIG-GGMO5-EBENLR,LLFHUT-IJFW5-3WCAEV"
"TVKHIP-UFDGO-JW5ITC","OTWXZE-AKEAV-F4BEHH","XXMRZEUR","2018-09-26 03:30:06.1664","buy","market",96.18000000,480.90000000,1.15416000,5.00000000,0.00000000,"","LHK2QB-MDTRU-YNPDLY,L4FE4C-DWEHG-A6G4J3"
"TZHQ2G-UGJWL-PSMV3R","OHMPH5-JU3R6-R6O7NQ","XXMRZEUR","2018-09-26 06:00:07.7543","sell","market",96.81000000,484.05000000,1.16172000,5.00000000,0.00000000,"","L42CHK-PJWLR-A7TEIX,L5W3DK-UWYYQ-B3C4DZ"
"TC566Z-POU4Y-WIFISG","OFQDU5-YCYI5-VK5VED","XXMRZEUR","2018-09-26 10:05:06.6336","buy","market",96.87000000,484.35000000,1.16244000,5.00000000,0.00000000,"","LRV27V-D56OU-V6JZYF,L74T4R-FJQTI-Q4C2NC"
"TMHBJB-F3PAF-KRYVTE","O47QKK-ZACRO-I23MLH","XXMRZEUR","2018-09-26 13:10:05.44","sell","market",97.88800000,489.44000000,1.17465600,5.00000000,0.00000000,"","LP3EUT-IAGYD-LCL3OF,LCYQ7P-PWTIE-4QDDIG"
"TYXUAY-NLUMS-432LEG","O776OV-PJVWN-H4E5SJ","XXMRZEUR","2018-09-26 16:45:07.3969","sell","market",98.85542000,494.27710000,1.18626504,5.00000000,0.00000000,"","LDJL5G-HOK6T-7JBKPY,LVWACB-CJ7H2-IIAUWQ"
"TKNS6E-Q7GVJ-OHSFBO","OBUOZT-UWOP4-47SUJA","XXMRZEUR","2018-09-26 20:25:06.2575","buy","market",98.18987200,490.94935998,1.17827846,5.00000000,0.00000000,"","L7LOGK-HIE3Y-47GTT7,L7GYYX-ENJRX-POPDXB"
"TJTJBD-4TE5J-ZGWXL4","OYPUK2-4WYE7-E3L6RT","XXMRZEUR","2018-09-26 23:30:05.9047","buy","market",97.80000000,489.00000000,1.17360000,5.00000000,0.00000000,"","L6NMKB-XYEVS-XVHCLP,LOOBVX-JJQLC-ISNLKT"
"TH2GVB-G2KDS-IUNO7R","O7OS2P-OHFBG-5RGO5R","XXMRZEUR","2018-09-27 01:55:06.0246","sell","market",97.76000000,488.80000000,1.17312000,5.00000000,0.00000000,"","LKOSM3-Y3CHT-2WOOUT,LADJOF-RQUKB-G4D5L6"
"TBWPUO-IIA32-T4M7XD","OW7A3J-5GEON-RSR6A5","XXMRZEUR","2018-09-27 03:55:06.9977","buy","market",98.19000000,490.95000000,1.17828000,5.00000000,0.00000000,"","LSMIAD-UCWG3-ODLMC3,LH6LCJ-HPPJ3-I5PQEX"
"TNPLKP-C3IPW-77SG7Q","OD2MME-3HKJJ-PC4TJL","XXMRZEUR","2018-09-27 08:30:08.2847","sell","market",96.67877965,483.39389824,1.16014536,5.00000000,0.00000000,"","LFR32B-KYIZH-E6QGHB,LUULHG-55XPB-RRAZDV"
"T6DVP3-VZQB3-PWW6VA","OUGNJJ-F4LH6-GPALI2","XXMRZEUR","2018-09-27 13:55:07.1385","sell","market",99.99000000,499.95000000,1.19988000,5.00000000,0.00000000,"","LTNDQF-GZZ4P-JRAU3O,LHKU3M-5F4RS-YDHSOG"
"TRXKT5-BE2N6-XALXEY","O75Y46-P2G5M-6GUPYZ","XXMRZEUR","2018-09-27 18:05:09.0548","buy","market",99.73000000,498.65000000,1.19676000,5.00000000,0.00000000,"","LC7K7A-776YX-KEYFXR,LVDFGU-GS6M4-RUTKVF"
"TE75UL-UGXFT-BBH7EO","OEI2QV-CLSKX-APYD2U","XXMRZEUR","2018-09-27 21:35:08.4399","sell","market",102.84000000,514.20000000,1.23408000,5.00000000,0.00000000,"","L5G66J-TC5OC-2LAZBZ,LWIFST-AOCWP-CXSNET"
"TAJCP3-TA57I-HN2KDX","OTRP4R-DLEMJ-UVQ3R2","XXMRZEUR","2018-09-28 00:25:11.8976","buy","market",102.56004963,512.80024815,1.23072060,5.00000000,0.00000000,"","LHJMOV-EKPVJ-TI5AXJ,L7QUNZ-P7KJ7-22K3UY"
"TLHOMJ-2AJ33-VUAELQ","OS2H6P-EQDV4-HBOM7G","XXMRZEUR","2018-09-28 06:05:07.2478","sell","market",103.05921333,515.29606665,1.23671056,5.00000000,0.00000000,"","LOZOAL-H67AR-HOUU5Q,LRQM2K-OM7RB-SB7EQH"
"TZSH6O-LLOXM-VQUJYD","OZUOZ4-6KMQY-L653ZA","XXMRZEUR","2018-09-28 10:45:24.7175","buy","market",100.72837308,503.64186539,1.20874048,5.00000000,0.00000000,"","LTNGZX-WI2FT-3QWMSA,LJBATC-P6K4S-HRD7JY"
"TYCOWV-GC3KN-GMX3F5","O36MYQ-7DP6O-HJ2KKE","XXMRZEUR","2018-09-28 17:25:24.1838","buy","market",101.11000000,505.55000000,1.21332000,5.00000000,0.00000000,"","LXFQY4-K6K35-W3QLRY,LEUAG3-UTPDP-7ED5GT"
"TRGOGC-4E6MX-ESODWD","OCP25Q-K2UTA-CKKA3R","XXMRZEUR","2018-09-28 19:50:08.1649","buy","market",101.54000000,507.70000000,1.21848000,5.00000000,0.00000000,"","L7GSF5-RPDAA-6JQT4B,LCCUHY-PAFJT-MNCZRR"
"TTJJQC-6CBIB-QOHQ44","OVRZTB-RHRJN-KES2TV","XXMRZEUR","2018-09-28 22:40:06.9425","buy","market",100.77227574,503.86137868,1.20926731,5.00000000,0.00000000,"","LBDXFL-LQDPP-55XHPI,L5TJE6-B5HFN-PQHVSF"
"TIVK3E-P6JQX-UB6RZJ","OVCBTC-7W22Q-5YNPHV","XXMRZEUR","2018-09-29 02:30:07.3314","buy","market",99.12000000,495.60000000,1.18944000,5.00000000,0.00000000,"","LZXYLQ-NSAHQ-N5W4BY,LRRQQJ-SXRBX-4HB3DO"
"T6X34D-64OO2-GFYFBI","ONH6GV-ZVBC2-AWGATY","XXMRZEUR","2018-09-29 10:20:06.5794","sell","market",99.66000000,498.30000000,1.19592000,5.00000000,0.00000000,"","LEVFVO-XFOAN-EJHKOG,LHPZZE-UZQZN-JKVPA7"
"TA6RCP-TF2DL-PQPGFY","OBTNQV-Z3ROC-XM2PQ6","XXMRZEUR","2018-09-29 17:10:07.0927","sell","market",98.99102481,494.95512406,1.18789230,5.00000000,0.00000000,"","LFXDXJ-CXOBL-RI2LPI,LL3LFO-VMW3K-U4BDBC"
"TDLUED-ZCLSM-OAN2P4","OFMUPW-TWI2P-7EENCC","XXMRZEUR","2018-09-29 23:20:06.8213","buy","market",99.10800000,495.54000000,1.18929600,5.00000000,0.00000000,"","LO5UFO-RTFOR-EBER4A,LFNAZP-O45LR-SKBYX6"
"TW4C6D-BOZ7N-IKCZH3","OM77S5-NRLUI-I72JC4","XXMRZEUR","2018-09-30 02:55:06.8759","sell","market",98.94704000,494.73520000,1.18736448,5.00000000,0.00000000,"","L4MHQC-6QTSL-K5HTLU,LNSPTM-OC6LP-RJ5VTP"
"T7V2SJ-LB5ZX-5VDWJP","OLFNN4-F3IP4-SSST2V","XXMRZEUR","2018-09-30 17:53:58.2481","buy","market",99.86980000,499.34900000,1.19843760,5.00000000,0.00000000,"","LELYPO-L75LA-DXVWW6,LG6MYO-QR5HI-ZBGR6E"
"TADVDO-EBGY6-33664K","OQVUML-CU2HU-FNJ52G","XXMRZEUR","2019-02-15 19:24:59.8335","buy","market",41.74000000,41.74000000,0.10852400,1.00000000,0.00000000,"","LKIK43-WOOMA-7UNTKF,LGFKHY-YA3U3-EYO4XX"
"TFL3V7-TYS4P-H323XB","OSK6WI-TRBDN-JKLIRF","XXBTZEUR","2019-02-24 15:16:23.3612","buy","limit",3369.70000,17.17812,0.02748,0.00509782,0.00000,"","LXM7YC-R47YX-7WPRC5,LEUPYZ-OOZA4-MH7GXL"
"T4LUOI-CDCR7-TVP6BL","OSK6WI-TRBDN-JKLIRF","XXBTZEUR","2019-02-24 15:16:32.6239","buy","limit",3369.70000,16.51888,0.02643,0.00490218,0.00000,"","L4STP4-J6IOE-CEWUTE,LBGBS7-IXBOD-CXDXAO"
"TJTMKH-7D5AU-NTX25A","OISEM4-4OXDW-FWU3XD","XXLMZEUR","2020-04-30 07:59:43.1784","buy","market",0.06604300,330.21500000,0.85855900,5000.00000000,0.00000000,"","LXT5XA-L5GNI-DSHZCD,LAK26A-ZPMZD-CU5YOW"
"T73OGZ-PTWWJ-HJ4RRA","OJ6HPO-ZK3HX-O4MNI2","XETHZEUR","2020-11-03 22:11:07.4551","buy","limit",325.56000,325.56000,0.84646,1.00000000,0.00000,"","LORL4V-MVJG2-2Y6CQV,LARW2A-RH4SW-YP7AHI"
"TWZEQZ-AST6Y-WRHY7O","OXC6MF-5DO25-NMQUYD","XXLMZEUR","2021-09-24 08:27:03.4713","sell","limit",0.25468500,142.18424815,0.22749480,558.27492060,0.00000000,"","LGWTNV-4LJQ4-VXYOFM,LCHQWN-LMBH4-7GSVSC"
"TKECHS-43EZL-YPAKMD","OXC6MF-5DO25-NMQUYD","XXLMZEUR","2021-09-24 08:27:03.487","sell","limit",0.25468500,153.17516773,0.24508027,601.42987506,0.00000000,"","LG2TJS-UYNLE-X5WCT7,LK63B2-FHEAL-PYJLFK"
"TEV4ZH-WINRD-D4KUQE","OXC6MF-5DO25-NMQUYD","XXLMZEUR","2021-09-24 08:27:03.6755","sell","limit",0.25468500,153.17627671,0.24508204,601.43422938,0.00000000,"","LPEGT2-XUO7X-KV2QHU,LHGBRT-TUG2W-7FSPCU"
"TBGCWE-UTWEN-VBGJ6X","OXC6MF-5DO25-NMQUYD","XXLMZEUR","2021-09-24 08:27:03.7016","sell","limit",0.25468500,153.17706543,0.24508330,601.43732621,0.00000000,"","LTR67J-272B5-DQJADH,LSU2MI-6BO6B-BVEG25"
"TUVPRE-FNDAW-4BXSW2","OXC6MF-5DO25-NMQUYD","XXLMZEUR","2021-09-24 08:27:03.7051","sell","limit",0.25468500,153.17526414,0.24508042,601.43025362,0.00000000,"","LND5BK-GKB5V-PK6NTF,LYHI3V-F3ECI-3EM6OC"
"TVUMJS-TOMXM-COZJ4B","OXC6MF-5DO25-NMQUYD","XXLMZEUR","2021-09-24 08:27:03.7192","sell","limit",0.25468500,153.17625270,0.24508200,601.43413512,0.00000000,"","LZV4E3-6B4D6-CQQ5Q4,LBESEI-IA3MC-MYJ5VW"
"TB4NLI-GYRQY-GRRNIA","OXC6MF-5DO25-NMQUYD","XXLMZEUR","2021-09-24 08:27:03.7352","sell","limit",0.25468500,153.17607849,0.24508173,601.43345107,0.00000000,"","LWDRCU-QOPGX-GPEKUR,LBNHUL-QS7RS-GXVBAY"
"TP2KXL-Y6PED-4LUABD","OXC6MF-5DO25-NMQUYD","XXLMZEUR","2021-09-24 08:27:03.7952","sell","limit",0.25468500,153.17551742,0.24508083,601.43124808,0.00000000,"","L55XSK-DU4YB-N7V723,LCWCLD-PYASH-SYXNC4"
"TJFQP2-QCCRV-STVEMI","OXC6MF-5DO25-NMQUYD","XXLMZEUR","2021-09-24 08:27:03.7976","sell","limit",0.25468500,59.00912923,0.09441461,231.69456086,0.00000000,"","LQ7ZQA-XGPKS-FUAQMT,LCPNN5-AKCJC-MYZ5Z4"
"TGJ542-SOX3W-2SYJYX","OXGHAD-2ERZY-SDALGL","XETHZEUR","2021-10-12 12:17:11.1364","sell","market",2976.91000,2083.83700,5.41798,0.70000000,0.00000,"","LIVFXU-WHNIO-5BQFL5,LP24W7-QTMXR-7MHOAD"
"TA4T4M-QZ4DL-U6PQJL","OJYYRL-H5QE2-TLVYQ2","XXMRZEUR","2021-10-19 08:35:43.172","sell","market",218.38370626,5022.82524400,13.05934564,23.00000000,0.00000000,"","L3YNCO-4EK3G-5YIKUQ,LCFUAT-2VUJM-75DDTE"
